,Top 150,NTD ID,Agency,Mode,TOS,Month,Year,Estimated VRM
0,Y,12,Municipality of Anchorage,DR,PT,3/2023,2023,53751.0
1,N,376,"Ride Connection, Inc.",DR,DO,3/2023,2023,26213.0
2,N,376,"Ride Connection, Inc.",DR,TX,3/2023,2023,21949.0
3,N,376,"Ride Connection, Inc.",MB,DO,3/2023,2023,23803.0
4,N,415,Ada County Highway District,VP,DO,3/2023,2023,116900.0
5,Y,10048,Connecticut Department of Transportation - CTTRANSIT - Hartford Division,MB,DO,3/2023,2023,756633.0
6,Y,10048,Connecticut Department of Transportation - CTTRANSIT - Hartford Division,RB,DO,3/2023,2023,59394.0
7,N,10053,Cape Ann Transportation Authority,DR,PT,3/2023,2023,21716.0
8,N,10053,Cape Ann Transportation Authority,MB,PT,3/2023,2023,22522.0
9,Y,10055,Connecticut Department of Transportation - CTTRANSIT New Haven Division,MB,DO,3/2023,2023,387091.0
10,Y,10056,Connecticut Department of Transportation - CTTRANSIT Stamford Division,MB,DO,3/2023,2023,134857.0
11,N,10066,Green Mountain Transit Authority,CB,DO,3/2023,2023,40239.0
12,N,10066,Green Mountain Transit Authority,DR,DO,3/2023,2023,107041.0
13,N,10066,Green Mountain Transit Authority,DR,PT,3/2023,2023,59598.0
14,N,10066,Green Mountain Transit Authority,MB,DO,3/2023,2023,114831.0
15,Y,10102,Connecticut Department of Transportation,CB,PT,3/2023,2023,61450.0
16,Y,10102,Connecticut Department of Transportation,CR,PT,3/2023,2023,134485.0
17,N,10107,Milford Transit District,MB,DO,3/2023,2023,26426.0
18,N,10118,MetroWest Regional Transit Authority,DR,PT,3/2023,2023,66753.0
19,N,10118,MetroWest Regional Transit Authority,MB,PT,3/2023,2023,100031.0
20,N,11238,Bay State LLC,FB,DO,3/2023,2023,
21,N,20135,Monsey New Square Trails Corporation,CB,DO,3/2023,2023,87360.0
22,N,20149,"Rockland Coaches, Inc.",CB,DO,3/2023,2023,93696.0
23,N,20177,"Adirondack Transit Lines, Inc,",CB,DO,3/2023,2023,113578.0
24,N,20178,Ulster County ,DR,DO,3/2023,2023,11388.0
25,N,20217,"Hampton Jitney, Inc.",CB,DO,3/2023,2023,148177.0
26,N,30007,Greater Roanoke Transit Company,MB,DO,3/2023,2023,146099.0
27,N,30015,Luzerne County Transportation Authority,MB,DO,3/2023,2023,104512.0
28,N,30044,Westmoreland County ,MB,DO,3/2023,2023,82291.0
29,Y,30051,"Montgomery County, Maryland",DR,DO,3/2023,2023,2595.0
30,Y,30068,"Fairfax County, VA",MB,PT,3/2023,2023,969823.0
31,N,30070,Potomac and Rappahannock Transportation Commission,CB,PT,3/2023,2023,175026.0
32,N,30070,Potomac and Rappahannock Transportation Commission,DR,PT,3/2023,2023,983.0
33,N,30070,Potomac and Rappahannock Transportation Commission,MB,PT,3/2023,2023,119415.0
34,N,30070,Potomac and Rappahannock Transportation Commission,VP,PT,3/2023,2023,562061.0
35,N,30076,Williamsburg Area Transit Authority,DR,DO,3/2023,2023,14545.0
36,N,30076,Williamsburg Area Transit Authority,MB,DO,3/2023,2023,72392.0
37,N,30080,"Arlington County, Virginia",DR,PT,3/2023,2023,15731.0
38,N,30080,"Arlington County, Virginia",DR,TX,3/2023,2023,11239.0
39,N,30080,"Arlington County, Virginia",MB,PT,3/2023,2023,161188.0
40,N,30085,"Prince George's County, Maryland",DR,DO,3/2023,2023,25272.0
41,N,30129,Anne Arundel County,DR,PT,3/2023,2023,63617.0
42,N,30129,Anne Arundel County,MB,PT,3/2023,2023,76667.0
43,N,30205,"Transit Management of Central Maryland, Inc.",DR,TX,3/2023,2023,7857.0
44,N,40001,Chattanooga Area Regional Transportation Authority,IP,DO,3/2023,2023,2319.0
45,N,40001,Chattanooga Area Regional Transportation Authority,MB,DO,3/2023,2023,161942.0
46,N,40003,City of Memphis,DR,DO,3/2023,2023,149265.0
47,N,40003,City of Memphis,MB,DO,3/2023,2023,363111.0
48,N,40003,City of Memphis,SR,DO,3/2023,2023,5394.0
49,Y,40007,City of Raleigh,DR,TX,3/2023,2023,439537.0
50,N,40014,Ms Coast Transportation Authority,DR,DO,3/2023,2023,40218.0
51,N,40014,Ms Coast Transportation Authority,MB,DO,3/2023,2023,68076.0
52,N,40014,Ms Coast Transportation Authority,VP,PT,3/2023,2023,70997.0
53,N,40021,City of Albany ,DR,DO,3/2023,2023,5173.0
54,N,40021,City of Albany ,MB,DO,3/2023,2023,26463.0
55,N,40028,Lee County Transit,MB,DO,3/2023,2023,252093.0
56,N,40057,Jackson Transit Authority,DR,DO,3/2023,2023,18864.0
57,N,40057,Jackson Transit Authority,MB,DO,3/2023,2023,39540.0
58,N,40068,Northwest Alabama Council of Local Governments,DR,DO,3/2023,2023,32438.0
59,N,40068,Northwest Alabama Council of Local Governments,DR,TX,3/2023,2023,1407.0
60,Y,40077,South Florida Regional Transportation Authority,CR,PT,3/2023,2023,329368.0
61,Y,40077,South Florida Regional Transportation Authority,MB,PT,3/2023,2023,10134.0
62,N,40086,Metropolitan Bus Authority,DR,DO,3/2023,2023,44135.0
63,N,40086,Metropolitan Bus Authority,MB,DO,3/2023,2023,198142.0
64,Y,40087,City of Durham,DR,PT,3/2023,2023,57314.0
65,Y,40087,City of Durham,DR,TN,3/2023,2023,27846.0
66,Y,40087,City of Durham,MB,PT,3/2023,2023,215293.0
67,N,40140,Collier County,DR,PT,3/2023,2023,118537.0
68,N,40140,Collier County,MB,PT,3/2023,2023,119124.0
69,N,40175,Puerto Rico Maritime Transport Authority ,FB,PT,3/2023,2023,15925.0
70,N,40178,The Transportation Management Association Group,VP,DO,3/2023,2023,60841.0
71,Y,40180,University of Georgia,DR,DO,3/2023,2023,90.0
72,Y,40180,University of Georgia,MB,DO,3/2023,2023,56136.0
73,N,40196,Kentuckiana Regional Planning and Development Agency,VP,DO,3/2023,2023,40455.0
74,N,40265,North Central Alabama Regional Council of Governments,DR,DO,3/2023,2023,25731.0
75,N,50003,City of Kenosha,DR,PT,3/2023,2023,15635.0
76,N,50003,City of Kenosha,MB,DO,3/2023,2023,76551.0
77,N,50022,Toledo Area Regional Transit Authority,DR,TX,3/2023,2023,42049.0
78,N,50022,Toledo Area Regional Transit Authority,MB,DO,3/2023,2023,195311.0
79,N,50022,Toledo Area Regional Transit Authority,VP,PT,3/2023,2023,
80,Y,50033,Interurban Transit Partnership,DR,DO,3/2023,2023,3402.0
81,Y,50033,Interurban Transit Partnership,DR,PT,3/2023,2023,125673.0
82,Y,50033,Interurban Transit Partnership,VP,DO,3/2023,2023,11699.0
83,N,50058,Rockford Mass Transit District,DR,DO,3/2023,2023,71914.0
84,N,50058,Rockford Mass Transit District,MB,DO,3/2023,2023,115505.0
85,N,50342,LINK Hendricks County,DR,DO,3/2023,2023,38297.0
86,Y,60032,New Orleans Regional Transit Authority,DR,DO,3/2023,2023,93991.0
87,Y,60032,New Orleans Regional Transit Authority,FB,PT,3/2023,2023,1824.0
88,Y,60032,New Orleans Regional Transit Authority,MB,DO,3/2023,2023,556097.0
89,Y,60032,New Orleans Regional Transit Authority,SR,DO,3/2023,2023,55181.0
90,N,60038,Lafayette City-Parish Consolidated Government,DR,PT,3/2023,2023,25660.0
91,N,60038,Lafayette City-Parish Consolidated Government,MB,DO,3/2023,2023,67546.0
92,N,60088,Jefferson Parish,DR,PT,3/2023,2023,35855.0
93,N,60088,Jefferson Parish,MB,PT,3/2023,2023,156179.0
94,N,60108,Harris County,CB,PT,3/2023,2023,3832.0
95,N,60108,Harris County,DR,TX,3/2023,2023,57788.0
96,N,60108,Harris County,MB,PT,3/2023,2023,64791.0
97,N,70002,Transit Authority of Omaha,MB,DO,3/2023,2023,299632.0
98,Y,70005,Kansas City Area Transportation Authority,MB,DO,3/2023,2023,466885.0
99,Y,70005,Kansas City Area Transportation Authority,RB,DO,3/2023,2023,21564.0
100,Y,70019,University of Iowa,DR,DO,3/2023,2023,1960.0
101,Y,70019,University of Iowa,MB,DO,3/2023,2023,53252.0
102,N,70044,University of Kansas,MB,PT,3/2023,2023,36493.0
103,N,70138,East Central Iowa Council of Governments,CB,PT,3/2023,2023,32817.0
104,N,70138,East Central Iowa Council of Governments,VP,PT,3/2023,2023,21156.0
105,N,70275,Nebraska Department of Transportation ,VP,PT,3/2023,2023,89699.0
106,Y,80001,Utah Transit Authority,DR,PT,3/2023,2023,266225.0
107,N,80002,Su Tran LLC ,DR,DO,3/2023,2023,27178.0
108,N,80002,Su Tran LLC ,MB,DO,3/2023,2023,43254.0
109,N,80003,City of Fargo,DR,PT,3/2023,2023,33024.0
110,N,80003,City of Fargo,MB,PT,3/2023,2023,65701.0
111,N,80008,Cities Area Transit,DR,DO,3/2023,2023,21627.0
112,N,80107,University of Montana,MB,DO,3/2023,2023,
113,Y,90032,City of Phoenix Public Transit Department ,DR,PT,3/2023,2023,289107.0
114,Y,90032,City of Phoenix Public Transit Department ,MB,PT,3/2023,2023,1692032.0
115,N,90034,City of Glendale ,DR,DO,3/2023,2023,20869.0
116,N,90034,City of Glendale ,MB,DO,3/2023,2023,8021.0
117,Y,90039,City of Culver City,DR,DO,3/2023,2023,989.0
118,Y,90041,City of Montebello,DR,PT,3/2023,2023,2873.0
119,Y,90041,City of Montebello,DR,TX,3/2023,2023,4902.0
120,Y,90041,City of Montebello,MB,DO,3/2023,2023,154486.0
121,N,90043,City of Commerce,MB,DO,3/2023,2023,40923.0
122,N,90095,San Diego Association of Governments,VP,PT,3/2023,2023,812267.0
123,N,90131,City of Scottsdale ,MB,PT,3/2023,2023,49544.0
124,Y,90146,Foothill Transit,MB,PT,3/2023,2023,937954.0
125,N,90156,City of San Luis Obispo,MB,PT,3/2023,2023,30409.0
126,Y,90209,"Valley Metro Rail, Inc.",SR,PT,3/2023,2023,9307.0
127,N,90233,Yuma County Intergovernmental Public Transportation Authority,DR,PT,3/2023,2023,3797.0
128,N,90233,Yuma County Intergovernmental Public Transportation Authority,MB,PT,3/2023,2023,63098.0
129,N,90233,Yuma County Intergovernmental Public Transportation Authority,VP,PT,3/2023,2023,44102.0
130,N,90310,Tulare County Regional Transit Agency,DR,PT,3/2023,2023,4571.0
131,N,90310,Tulare County Regional Transit Agency,MB,PT,3/2023,2023,54110.0
132,N,91092,Tahoe Transportation District,DR,DO,3/2023,2023,5168.0
133,N,91092,Tahoe Transportation District,MB,DO,3/2023,2023,15187.0
134,N,99423,City of Glendale,DR,PT,3/2023,2023,9016.0
135,N,99423,City of Glendale,MB,PT,3/2023,2023,75799.0
136,N,99424,City of Pasadena,MB,PT,3/2023,2023,56424.0
137,N,99425,Pomona Valley Transportation Authority,DR,PT,3/2023,2023,28706.0
138,N,99425,Pomona Valley Transportation Authority,DR,TX,3/2023,2023,7980.0
139,Y,12,Municipality of Anchorage,DR,PT,2/2023,2023,46732.0
140,N,376,"Ride Connection, Inc.",DR,DO,2/2023,2023,22790.0
141,N,376,"Ride Connection, Inc.",DR,TX,2/2023,2023,19083.0
142,N,376,"Ride Connection, Inc.",MB,DO,2/2023,2023,21346.0
143,N,415,Ada County Highway District,VP,DO,2/2023,2023,103479.0
144,N,10066,Green Mountain Transit Authority,CB,DO,2/2023,2023,34372.0
145,N,10066,Green Mountain Transit Authority,DR,DO,2/2023,2023,93063.0
146,N,10066,Green Mountain Transit Authority,DR,PT,2/2023,2023,51815.0
147,N,10066,Green Mountain Transit Authority,MB,DO,2/2023,2023,102979.0
148,Y,10102,Connecticut Department of Transportation,CB,PT,2/2023,2023,52490.0
149,Y,10102,Connecticut Department of Transportation,CR,PT,2/2023,2023,114817.0
150,N,10107,Milford Transit District,MB,DO,2/2023,2023,23698.0
151,N,11238,Bay State LLC,FB,DO,2/2023,2023,
152,N,20135,Monsey New Square Trails Corporation,CB,DO,2/2023,2023,74622.0
153,N,20149,"Rockland Coaches, Inc.",CB,DO,2/2023,2023,80034.0
154,N,20217,"Hampton Jitney, Inc.",CB,DO,2/2023,2023,126571.0
155,Y,30051,"Montgomery County, Maryland",DR,DO,2/2023,2023,2256.0
156,N,30070,Potomac and Rappahannock Transportation Commission,CB,PT,2/2023,2023,149505.0
157,N,30070,Potomac and Rappahannock Transportation Commission,DR,PT,2/2023,2023,855.0
158,N,30076,Williamsburg Area Transit Authority,DR,DO,2/2023,2023,12646.0
159,N,30076,Williamsburg Area Transit Authority,MB,DO,2/2023,2023,64919.0
160,N,30129,Anne Arundel County,DR,PT,2/2023,2023,55310.0
161,N,30129,Anne Arundel County,MB,PT,2/2023,2023,68754.0
162,N,40001,Chattanooga Area Regional Transportation Authority,IP,DO,2/2023,2023,1159.0
163,N,40001,Chattanooga Area Regional Transportation Authority,MB,DO,2/2023,2023,145226.0
164,N,40003,City of Memphis,DR,DO,2/2023,2023,129773.0
165,N,40003,City of Memphis,MB,DO,2/2023,2023,325631.0
166,N,40003,City of Memphis,SR,DO,2/2023,2023,5444.0
167,N,40014,Ms Coast Transportation Authority,DR,DO,2/2023,2023,34966.0
168,N,40014,Ms Coast Transportation Authority,MB,DO,2/2023,2023,61049.0
169,N,40014,Ms Coast Transportation Authority,VP,PT,2/2023,2023,62845.0
170,N,40021,City of Albany ,DR,DO,2/2023,2023,4497.0
171,N,40021,City of Albany ,MB,DO,2/2023,2023,23732.0
172,N,40057,Jackson Transit Authority,DR,DO,2/2023,2023,16400.0
173,N,40057,Jackson Transit Authority,MB,DO,2/2023,2023,35459.0
174,N,40068,Northwest Alabama Council of Local Governments,DR,DO,2/2023,2023,28202.0
175,N,40068,Northwest Alabama Council of Local Governments,DR,TX,2/2023,2023,1223.0
176,N,40175,Puerto Rico Maritime Transport Authority ,FB,PT,2/2023,2023,13948.0
177,Y,40180,University of Georgia,DR,DO,2/2023,2023,78.0
178,N,40196,Kentuckiana Regional Planning and Development Agency,VP,DO,2/2023,2023,35811.0
179,N,40265,North Central Alabama Regional Council of Governments,DR,DO,2/2023,2023,22371.0
180,N,50022,Toledo Area Regional Transit Authority,DR,TX,2/2023,2023,36558.0
181,Y,50033,Interurban Transit Partnership,VP,DO,2/2023,2023,10356.0
182,N,50342,LINK Hendricks County,DR,DO,2/2023,2023,33296.0
183,Y,60032,New Orleans Regional Transit Authority,DR,DO,2/2023,2023,81717.0
184,Y,60032,New Orleans Regional Transit Authority,FB,PT,2/2023,2023,1598.0
185,Y,60032,New Orleans Regional Transit Authority,MB,DO,2/2023,2023,498697.0
186,Y,60032,New Orleans Regional Transit Authority,SR,DO,2/2023,2023,55699.0
187,N,60038,Lafayette City-Parish Consolidated Government,DR,PT,2/2023,2023,22309.0
188,N,60038,Lafayette City-Parish Consolidated Government,MB,DO,2/2023,2023,60574.0
189,N,60088,Jefferson Parish,DR,PT,2/2023,2023,31173.0
190,N,60088,Jefferson Parish,MB,PT,2/2023,2023,140059.0
191,N,70002,Transit Authority of Omaha,MB,DO,2/2023,2023,268704.0
192,Y,70005,Kansas City Area Transportation Authority,MB,DO,2/2023,2023,418693.0
193,Y,70005,Kansas City Area Transportation Authority,RB,DO,2/2023,2023,19228.0
194,N,70044,University of Kansas,MB,PT,2/2023,2023,32727.0
195,N,70138,East Central Iowa Council of Governments,CB,PT,2/2023,2023,28032.0
196,N,70138,East Central Iowa Council of Governments,VP,PT,2/2023,2023,18727.0
197,N,80003,City of Fargo,DR,PT,2/2023,2023,28711.0
198,N,80003,City of Fargo,MB,PT,2/2023,2023,58919.0
199,N,80107,University of Montana,MB,DO,2/2023,2023,
200,Y,90039,City of Culver City,DR,DO,2/2023,2023,859.0
201,Y,90041,City of Montebello,DR,PT,2/2023,2023,2498.0
202,N,90095,San Diego Association of Governments,VP,PT,2/2023,2023,719012.0
203,Y,90146,Foothill Transit,MB,PT,2/2023,2023,841138.0
204,Y,90209,"Valley Metro Rail, Inc.",SR,PT,2/2023,2023,9394.0
205,N,90310,Tulare County Regional Transit Agency,DR,PT,2/2023,2023,3974.0
206,N,90310,Tulare County Regional Transit Agency,MB,PT,2/2023,2023,48525.0
207,N,99425,Pomona Valley Transportation Authority,DR,PT,2/2023,2023,24958.0
208,N,99425,Pomona Valley Transportation Authority,DR,TX,2/2023,2023,6938.0
209,Y,12,Municipality of Anchorage,DR,PT,1/2023,2023,48578.0
210,N,415,Ada County Highway District,VP,DO,1/2023,2023,108788.0
211,N,10066,Green Mountain Transit Authority,CB,DO,1/2023,2023,36535.0
212,N,10066,Green Mountain Transit Authority,DR,DO,1/2023,2023,96739.0
213,N,10066,Green Mountain Transit Authority,DR,PT,1/2023,2023,53862.0
214,N,10066,Green Mountain Transit Authority,MB,DO,1/2023,2023,111220.0
215,Y,10102,Connecticut Department of Transportation,CB,PT,1/2023,2023,55793.0
216,Y,10102,Connecticut Department of Transportation,CR,PT,1/2023,2023,124693.0
217,N,10107,Milford Transit District,MB,DO,1/2023,2023,25595.0
218,N,11238,Bay State LLC,FB,DO,1/2023,2023,
219,N,20135,Monsey New Square Trails Corporation,CB,DO,1/2023,2023,79318.0
220,N,20149,"Rockland Coaches, Inc.",CB,DO,1/2023,2023,85070.0
221,Y,30051,"Montgomery County, Maryland",DR,DO,1/2023,2023,2345.0
222,N,30070,Potomac and Rappahannock Transportation Commission,DR,PT,1/2023,2023,889.0
223,N,30076,Williamsburg Area Transit Authority,DR,DO,1/2023,2023,13145.0
224,N,30129,Anne Arundel County,DR,PT,1/2023,2023,57494.0
225,N,30129,Anne Arundel County,MB,PT,1/2023,2023,74256.0
226,N,40001,Chattanooga Area Regional Transportation Authority,IP,DO,1/2023,2023,1239.0
227,N,40003,City of Memphis,DR,DO,1/2023,2023,134900.0
228,N,40003,City of Memphis,MB,DO,1/2023,2023,351691.0
229,N,40003,City of Memphis,SR,DO,1/2023,2023,5843.0
230,N,40014,Ms Coast Transportation Authority,DR,DO,1/2023,2023,36348.0
231,N,40014,Ms Coast Transportation Authority,MB,DO,1/2023,2023,65935.0
232,N,40014,Ms Coast Transportation Authority,VP,PT,1/2023,2023,66070.0
233,N,40057,Jackson Transit Authority,DR,DO,1/2023,2023,17048.0
234,N,40057,Jackson Transit Authority,MB,DO,1/2023,2023,38297.0
235,N,40068,Northwest Alabama Council of Local Governments,DR,DO,1/2023,2023,29316.0
236,N,40068,Northwest Alabama Council of Local Governments,DR,TX,1/2023,2023,1272.0
237,N,40175,Puerto Rico Maritime Transport Authority ,FB,PT,1/2023,2023,15328.0
238,Y,40180,University of Georgia,DR,DO,1/2023,2023,81.0
239,N,40196,Kentuckiana Regional Planning and Development Agency,VP,DO,1/2023,2023,37648.0
240,N,40265,North Central Alabama Regional Council of Governments,DR,DO,1/2023,2023,23254.0
241,N,50022,Toledo Area Regional Transit Authority,DR,TX,1/2023,2023,38002.0
242,Y,50033,Interurban Transit Partnership,VP,DO,1/2023,2023,10887.0
243,Y,60032,New Orleans Regional Transit Authority,DR,DO,1/2023,2023,84945.0
244,Y,60032,New Orleans Regional Transit Authority,FB,PT,1/2023,2023,1756.0
245,Y,60032,New Orleans Regional Transit Authority,MB,DO,1/2023,2023,538608.0
246,Y,60032,New Orleans Regional Transit Authority,SR,DO,1/2023,2023,59782.0
247,N,60038,Lafayette City-Parish Consolidated Government,DR,PT,1/2023,2023,23190.0
248,N,60038,Lafayette City-Parish Consolidated Government,MB,DO,1/2023,2023,65422.0
249,N,60088,Jefferson Parish,DR,PT,1/2023,2023,32404.0
250,N,60088,Jefferson Parish,MB,PT,1/2023,2023,151268.0
251,N,70002,Transit Authority of Omaha,MB,DO,1/2023,2023,290209.0
252,Y,70005,Kansas City Area Transportation Authority,MB,DO,1/2023,2023,452201.0
253,Y,70005,Kansas City Area Transportation Authority,RB,DO,1/2023,2023,21197.0
254,N,70044,University of Kansas,MB,PT,1/2023,2023,35346.0
255,N,70138,East Central Iowa Council of Governments,CB,PT,1/2023,2023,29796.0
256,N,70138,East Central Iowa Council of Governments,VP,PT,1/2023,2023,19688.0
257,N,80003,City of Fargo,DR,PT,1/2023,2023,29845.0
258,N,80003,City of Fargo,MB,PT,1/2023,2023,63635.0
259,N,80107,University of Montana,MB,DO,1/2023,2023,
260,Y,90039,City of Culver City,DR,DO,1/2023,2023,893.0
261,Y,90041,City of Montebello,DR,PT,1/2023,2023,2597.0
262,N,90095,San Diego Association of Governments,VP,PT,1/2023,2023,755900.0
263,Y,90209,"Valley Metro Rail, Inc.",SR,PT,1/2023,2023,10083.0
264,N,90310,Tulare County Regional Transit Agency,DR,PT,1/2023,2023,4131.0
265,N,90310,Tulare County Regional Transit Agency,MB,PT,1/2023,2023,52408.0
266,N,99425,Pomona Valley Transportation Authority,DR,PT,1/2023,2023,25943.0
267,N,99425,Pomona Valley Transportation Authority,DR,TX,1/2023,2023,7212.0
268,N,415,Ada County Highway District,VP,DO,12/2022,2022,99622.0
269,N,10066,Green Mountain Transit Authority,CB,DO,12/2022,2022,35313.0
270,N,10066,Green Mountain Transit Authority,DR,DO,12/2022,2022,94712.0
271,N,10066,Green Mountain Transit Authority,DR,PT,12/2022,2022,52734.0
272,N,10066,Green Mountain Transit Authority,MB,DO,12/2022,2022,110843.0
273,Y,10102,Connecticut Department of Transportation,CB,PT,12/2022,2022,53927.0
274,Y,10102,Connecticut Department of Transportation,CR,PT,12/2022,2022,123311.0
275,N,20149,"Rockland Coaches, Inc.",CB,DO,12/2022,2022,82225.0
276,Y,30051,"Montgomery County, Maryland",DR,DO,12/2022,2022,2296.0
277,N,30070,Potomac and Rappahannock Transportation Commission,DR,PT,12/2022,2022,870.0
278,N,30129,Anne Arundel County,DR,PT,12/2022,2022,56290.0
279,N,30129,Anne Arundel County,MB,PT,12/2022,2022,74004.0
280,N,40001,Chattanooga Area Regional Transportation Authority,IP,DO,12/2022,2022,1273.0
281,Y,40003,City of Memphis,DR,DO,12/2022,2022,132073.0
282,Y,40003,City of Memphis,MB,DO,12/2022,2022,350499.0
283,Y,40003,City of Memphis,SR,DO,12/2022,2022,5989.0
284,N,40014,Ms Coast Transportation Authority,DR,DO,12/2022,2022,35586.0
285,N,40014,Ms Coast Transportation Authority,MB,DO,12/2022,2022,65712.0
286,N,40014,Ms Coast Transportation Authority,VP,PT,12/2022,2022,60503.0
287,N,40068,Northwest Alabama Council of Local Governments,DR,DO,12/2022,2022,28702.0
288,N,40068,Northwest Alabama Council of Local Governments,DR,TX,12/2022,2022,1245.0
289,N,40175,Puerto Rico Maritime Transport Authority ,FB,PT,12/2022,2022,15434.0
290,Y,40180,University of Georgia,DR,DO,12/2022,2022,79.0
291,N,40265,North Central Alabama Regional Council of Governments,DR,DO,12/2022,2022,22767.0
292,Y,50033,Interurban Transit Partnership,VP,DO,12/2022,2022,9970.0
293,N,60038,Lafayette City-Parish Consolidated Government,DR,PT,12/2022,2022,22705.0
294,N,60038,Lafayette City-Parish Consolidated Government,MB,DO,12/2022,2022,65200.0
295,N,60276,Plaquemines Port Harbor Terminal District,FB,DO,12/2022,2022,1928.0
296,N,70002,Transit Authority of Omaha,MB,DO,12/2022,2022,289225.0
297,N,70044,University of Kansas,MB,PT,12/2022,2022,35226.0
298,N,70138,East Central Iowa Council of Governments,CB,PT,12/2022,2022,28799.0
299,N,70138,East Central Iowa Council of Governments,VP,PT,12/2022,2022,18029.0
300,N,80107,University of Montana,MB,DO,12/2022,2022,
301,Y,90039,City of Culver City,DR,DO,12/2022,2022,875.0
302,Y,90041,City of Montebello,DR,PT,12/2022,2022,2542.0
303,N,90095,San Diego Association of Governments,VP,PT,12/2022,2022,692216.0
304,Y,90209,"Valley Metro Rail, Inc.",SR,PT,12/2022,2022,10334.0
305,N,90310,Tulare County Regional Transit Agency,DR,PT,12/2022,2022,4045.0
306,N,90310,Tulare County Regional Transit Agency,MB,PT,12/2022,2022,52230.0
307,N,99425,Pomona Valley Transportation Authority,DR,PT,12/2022,2022,25400.0
308,N,99425,Pomona Valley Transportation Authority,DR,TX,12/2022,2022,7061.0
309,N,415,Ada County Highway District,VP,DO,11/2022,2022,108937.0
310,N,10066,Green Mountain Transit Authority,CB,DO,11/2022,2022,34415.0
311,N,10066,Green Mountain Transit Authority,DR,DO,11/2022,2022,95562.0
312,N,10066,Green Mountain Transit Authority,DR,PT,11/2022,2022,53207.0
313,N,10066,Green Mountain Transit Authority,MB,DO,11/2022,2022,108118.0
314,Y,10102,Connecticut Department of Transportation,CB,PT,11/2022,2022,52555.0
315,Y,10102,Connecticut Department of Transportation,CR,PT,11/2022,2022,118751.0
316,N,20149,"Rockland Coaches, Inc.",CB,DO,11/2022,2022,80134.0
317,Y,30051,"Montgomery County, Maryland",DR,DO,11/2022,2022,2317.0
318,N,30129,Anne Arundel County,DR,PT,11/2022,2022,56795.0
319,N,30129,Anne Arundel County,MB,PT,11/2022,2022,72185.0
320,Y,40003,City of Memphis,DR,DO,11/2022,2022,133259.0
321,Y,40003,City of Memphis,MB,DO,11/2022,2022,341884.0
322,Y,40003,City of Memphis,SR,DO,11/2022,2022,5806.0
323,N,40014,Ms Coast Transportation Authority,DR,DO,11/2022,2022,35906.0
324,N,40014,Ms Coast Transportation Authority,MB,DO,11/2022,2022,64096.0
325,N,40014,Ms Coast Transportation Authority,VP,PT,11/2022,2022,66160.0
326,N,40068,Northwest Alabama Council of Local Governments,DR,DO,11/2022,2022,28959.0
327,N,40068,Northwest Alabama Council of Local Governments,DR,TX,11/2022,2022,1256.0
328,N,40175,Puerto Rico Maritime Transport Authority ,FB,PT,11/2022,2022,15991.0
329,Y,40180,University of Georgia,DR,DO,11/2022,2022,80.0
330,N,40265,North Central Alabama Regional Council of Governments,DR,DO,11/2022,2022,22972.0
331,Y,50033,Interurban Transit Partnership,VP,DO,11/2022,2022,10902.0
332,N,60038,Lafayette City-Parish Consolidated Government,DR,PT,11/2022,2022,22908.0
333,N,60038,Lafayette City-Parish Consolidated Government,MB,DO,11/2022,2022,63597.0
334,N,70002,Transit Authority of Omaha,MB,DO,11/2022,2022,282116.0
335,N,70044,University of Kansas,MB,PT,11/2022,2022,34360.0
336,N,70138,East Central Iowa Council of Governments,CB,PT,11/2022,2022,28067.0
337,N,70138,East Central Iowa Council of Governments,VP,PT,11/2022,2022,19715.0
338,N,80107,University of Montana,MB,DO,11/2022,2022,
339,Y,90039,City of Culver City,DR,DO,11/2022,2022,883.0
340,Y,90041,City of Montebello,DR,PT,11/2022,2022,2565.0
341,N,90095,San Diego Association of Governments,VP,PT,11/2022,2022,756933.0
342,Y,90209,"Valley Metro Rail, Inc.",SR,PT,11/2022,2022,10018.0
343,N,90310,Tulare County Regional Transit Agency,DR,PT,11/2022,2022,4081.0
344,N,90310,Tulare County Regional Transit Agency,MB,PT,11/2022,2022,50947.0
345,N,99425,Pomona Valley Transportation Authority,DR,PT,11/2022,2022,25628.0
346,N,99425,Pomona Valley Transportation Authority,DR,TX,11/2022,2022,7125.0
347,N,415,Ada County Highway District,VP,DO,10/2022,2022,113005.0
348,N,10066,Green Mountain Transit Authority,CB,DO,10/2022,2022,35171.0
349,N,10066,Green Mountain Transit Authority,DR,DO,10/2022,2022,101846.0
350,N,10066,Green Mountain Transit Authority,DR,PT,10/2022,2022,56706.0
351,N,10066,Green Mountain Transit Authority,MB,DO,10/2022,2022,111279.0
352,Y,10102,Connecticut Department of Transportation,CB,PT,10/2022,2022,53710.0
353,Y,10102,Connecticut Department of Transportation,CR,PT,10/2022,2022,122855.0
354,N,20149,"Rockland Coaches, Inc.",CB,DO,10/2022,2022,81894.0
355,Y,30051,"Montgomery County, Maryland",DR,DO,10/2022,2022,2469.0
356,N,30129,Anne Arundel County,DR,PT,10/2022,2022,60530.0
357,N,30129,Anne Arundel County,MB,PT,10/2022,2022,74295.0
358,Y,40003,City of Memphis,DR,DO,10/2022,2022,142022.0
359,Y,40003,City of Memphis,MB,DO,10/2022,2022,351877.0
360,Y,40003,City of Memphis,SR,DO,10/2022,2022,6060.0
361,N,40014,Ms Coast Transportation Authority,DR,DO,10/2022,2022,38267.0
362,N,40014,Ms Coast Transportation Authority,MB,DO,10/2022,2022,65970.0
363,N,40014,Ms Coast Transportation Authority,VP,PT,10/2022,2022,68631.0
364,N,40068,Northwest Alabama Council of Local Governments,DR,DO,10/2022,2022,30864.0
365,N,40068,Northwest Alabama Council of Local Governments,DR,TX,10/2022,2022,1339.0
366,N,40175,Puerto Rico Maritime Transport Authority ,FB,PT,10/2022,2022,17349.0
367,Y,40180,University of Georgia,DR,DO,10/2022,2022,85.0
368,N,40265,North Central Alabama Regional Council of Governments,DR,DO,10/2022,2022,24482.0
369,Y,50033,Interurban Transit Partnership,VP,DO,10/2022,2022,11309.0
370,N,60038,Lafayette City-Parish Consolidated Government,DR,PT,10/2022,2022,24415.0
371,N,60038,Lafayette City-Parish Consolidated Government,MB,DO,10/2022,2022,65456.0
372,N,70002,Transit Authority of Omaha,MB,DO,10/2022,2022,290362.0
373,N,70044,University of Kansas,MB,PT,10/2022,2022,35364.0
374,N,70138,East Central Iowa Council of Governments,CB,PT,10/2022,2022,28684.0
375,N,70138,East Central Iowa Council of Governments,VP,PT,10/2022,2022,20451.0
376,N,80107,University of Montana,MB,DO,10/2022,2022,
377,Y,90039,City of Culver City,DR,DO,10/2022,2022,941.0
378,Y,90041,City of Montebello,DR,PT,10/2022,2022,2734.0
379,N,90095,San Diego Association of Governments,VP,PT,10/2022,2022,785201.0
380,Y,90209,"Valley Metro Rail, Inc.",SR,PT,10/2022,2022,10457.0
381,N,90310,Tulare County Regional Transit Agency,DR,PT,10/2022,2022,4349.0
382,N,90310,Tulare County Regional Transit Agency,MB,PT,10/2022,2022,52436.0
383,N,99425,Pomona Valley Transportation Authority,DR,PT,10/2022,2022,27313.0
384,N,99425,Pomona Valley Transportation Authority,DR,TX,10/2022,2022,7593.0
385,N,10066,Green Mountain Transit Authority,CB,DO,9/2022,2022,34556.0
386,N,10066,Green Mountain Transit Authority,DR,DO,9/2022,2022,99508.0
387,N,10066,Green Mountain Transit Authority,DR,PT,9/2022,2022,55404.0
388,N,10066,Green Mountain Transit Authority,MB,DO,9/2022,2022,108332.0
389,Y,10102,Connecticut Department of Transportation,CB,PT,9/2022,2022,52771.0
390,Y,10102,Connecticut Department of Transportation,CR,PT,9/2022,2022,120777.0
391,N,20149,"Rockland Coaches, Inc.",CB,DO,9/2022,2022,80462.0
392,Y,30051,"Montgomery County, Maryland",DR,DO,9/2022,2022,2412.0
393,N,30129,Anne Arundel County,DR,PT,9/2022,2022,59140.0
394,N,30129,Anne Arundel County,MB,PT,9/2022,2022,72328.0
395,Y,40003,City of Memphis,DR,DO,9/2022,2022,138761.0
396,Y,40003,City of Memphis,MB,DO,9/2022,2022,342560.0
397,Y,40003,City of Memphis,SR,DO,9/2022,2022,5777.0
398,N,40175,Puerto Rico Maritime Transport Authority ,FB,PT,9/2022,2022,17707.0
399,Y,40180,University of Georgia,DR,DO,9/2022,2022,84.0
400,N,60038,Lafayette City-Parish Consolidated Government,DR,PT,9/2022,2022,23854.0
401,N,60038,Lafayette City-Parish Consolidated Government,MB,DO,9/2022,2022,63723.0
402,N,70002,Transit Authority of Omaha,MB,DO,9/2022,2022,282674.0
403,N,80107,University of Montana,MB,DO,9/2022,2022,
404,Y,90041,City of Montebello,DR,PT,9/2022,2022,2671.0
405,N,90095,San Diego Association of Governments,VP,PT,9/2022,2022,782618.0
406,Y,90209,"Valley Metro Rail, Inc.",SR,PT,9/2022,2022,9968.0
407,N,90310,Tulare County Regional Transit Agency,DR,PT,9/2022,2022,4250.0
408,N,90310,Tulare County Regional Transit Agency,MB,PT,9/2022,2022,51047.0
409,N,99425,Pomona Valley Transportation Authority,DR,PT,9/2022,2022,26686.0
410,N,99425,Pomona Valley Transportation Authority,DR,TX,9/2022,2022,7419.0
411,N,10066,Green Mountain Transit Authority,CB,DO,8/2022,2022,36824.0
412,N,10066,Green Mountain Transit Authority,DR,DO,8/2022,2022,102575.0
413,N,10066,Green Mountain Transit Authority,DR,PT,8/2022,2022,57112.0
414,N,10066,Green Mountain Transit Authority,MB,DO,8/2022,2022,113330.0
415,Y,10102,Connecticut Department of Transportation,CB,PT,8/2022,2022,56235.0
416,Y,10102,Connecticut Department of Transportation,CR,PT,8/2022,2022,128747.0
417,Y,30051,"Montgomery County, Maryland",DR,DO,8/2022,2022,2487.0
418,N,30129,Anne Arundel County,DR,PT,8/2022,2022,60963.0
419,N,30129,Anne Arundel County,MB,PT,8/2022,2022,75665.0
420,Y,40003,City of Memphis,DR,DO,8/2022,2022,143038.0
421,Y,40003,City of Memphis,MB,DO,8/2022,2022,358363.0
422,Y,40003,City of Memphis,SR,DO,8/2022,2022,5929.0
423,N,40175,Puerto Rico Maritime Transport Authority ,FB,PT,8/2022,2022,18649.0
424,Y,40180,University of Georgia,DR,DO,8/2022,2022,86.0
425,N,60038,Lafayette City-Parish Consolidated Government,DR,PT,8/2022,2022,24589.0
426,N,60038,Lafayette City-Parish Consolidated Government,MB,DO,8/2022,2022,66663.0
427,N,70002,Transit Authority of Omaha,MB,DO,8/2022,2022,295715.0
428,N,80107,University of Montana,MB,DO,8/2022,2022,
429,Y,90041,City of Montebello,DR,PT,8/2022,2022,2754.0
430,Y,90209,"Valley Metro Rail, Inc.",SR,PT,8/2022,2022,10231.0
431,N,90310,Tulare County Regional Transit Agency,DR,PT,8/2022,2022,4381.0
432,N,90310,Tulare County Regional Transit Agency,MB,PT,8/2022,2022,53402.0
433,N,99425,Pomona Valley Transportation Authority,DR,PT,8/2022,2022,27509.0
434,N,99425,Pomona Valley Transportation Authority,DR,TX,8/2022,2022,7647.0
435,N,10066,Green Mountain Transit Authority,CB,DO,7/2022,2022,33602.0
436,N,10066,Green Mountain Transit Authority,DR,DO,7/2022,2022,94166.0
437,N,10066,Green Mountain Transit Authority,DR,PT,7/2022,2022,52430.0
438,N,10066,Green Mountain Transit Authority,MB,DO,7/2022,2022,108057.0
439,Y,10102,Connecticut Department of Transportation,CB,PT,7/2022,2022,51314.0
440,Y,10102,Connecticut Department of Transportation,CR,PT,7/2022,2022,123026.0
441,Y,30051,"Montgomery County, Maryland",DR,DO,7/2022,2022,2283.0
442,N,30129,Anne Arundel County,DR,PT,7/2022,2022,55965.0
443,N,30129,Anne Arundel County,MB,PT,7/2022,2022,72144.0
444,Y,40003,City of Memphis,DR,DO,7/2022,2022,131312.0
445,Y,40003,City of Memphis,MB,DO,7/2022,2022,341689.0
446,Y,40003,City of Memphis,SR,DO,7/2022,2022,5894.0
447,N,40175,Puerto Rico Maritime Transport Authority ,FB,PT,7/2022,2022,18321.0
448,Y,40180,University of Georgia,DR,DO,7/2022,2022,79.0
449,N,60038,Lafayette City-Parish Consolidated Government,DR,PT,7/2022,2022,22574.0
450,N,60038,Lafayette City-Parish Consolidated Government,MB,DO,7/2022,2022,63561.0
451,N,70002,Transit Authority of Omaha,MB,DO,7/2022,2022,281955.0
452,N,80107,University of Montana,MB,DO,7/2022,2022,
453,Y,90041,City of Montebello,DR,PT,7/2022,2022,2528.0
454,N,90310,Tulare County Regional Transit Agency,DR,PT,7/2022,2022,4021.0
455,N,90310,Tulare County Regional Transit Agency,MB,PT,7/2022,2022,50918.0
456,N,99425,Pomona Valley Transportation Authority,DR,PT,7/2022,2022,25253.0
457,N,99425,Pomona Valley Transportation Authority,DR,TX,7/2022,2022,7020.0
458,N,60038,Lafayette City-Parish Consolidated Government,DR,PT,6/2022,2022,23138.0
459,N,60038,Lafayette City-Parish Consolidated Government,MB,DO,6/2022,2022,63951.0
460,N,70002,Transit Authority of Omaha,MB,DO,6/2022,2022,283686.0
461,N,60038,Lafayette City-Parish Consolidated Government,MB,DO,5/2022,2022,64369.0
462,N,70002,Transit Authority of Omaha,MB,DO,5/2022,2022,285542.0
463,N,60038,Lafayette City-Parish Consolidated Government,MB,DO,4/2022,2022,63594.0
464,N,70002,Transit Authority of Omaha,MB,DO,4/2022,2022,282100.0
465,N,60038,Lafayette City-Parish Consolidated Government,MB,DO,3/2022,2022,66814.0
466,N,70002,Transit Authority of Omaha,MB,DO,3/2022,2022,296386.0
467,N,60038,Lafayette City-Parish Consolidated Government,MB,DO,2/2022,2022,59306.0
468,N,70002,Transit Authority of Omaha,MB,DO,2/2022,2022,263080.0
469,N,60038,Lafayette City-Parish Consolidated Government,MB,DO,1/2022,2022,62877.0
470,N,70002,Transit Authority of Omaha,MB,DO,1/2022,2022,278923.0
471,N,60038,Lafayette City-Parish Consolidated Government,MB,DO,12/2021,2021,65422.0
472,N,60038,Lafayette City-Parish Consolidated Government,MB,DO,11/2021,2021,63876.0
